<?xml version="1.0" encoding="UTF-8"?>
<project-private xmlns="http://www.netbeans.org/ns/project-private/1">
    <editor-bookmarks xmlns="http://www.netbeans.org/ns/editor-bookmarks/2" lastBookmarkId="0"/>
    <open-files xmlns="http://www.netbeans.org/ns/projectui-open-files/2">
        <group>
            <file>file:/Users/bunnymoon/Desktop/ฝึก/MyException2/src/myexception2/Lab4.java</file>
            <file>file:/Users/bunnymoon/Desktop/ฝึก/MyException2/src/myexception2/MyException2.java</file>
            <file>file:/Users/bunnymoon/Desktop/ฝึก/MyException2/src/myexception2/Lab5.java</file>
            <file>file:/Users/bunnymoon/Desktop/ฝึก/MyException2/src/myexception2/Lab3.java</file>
        </group>
    </open-files>
</project-private>
